Mark Watson (Canadian soccer);http://dbpedia.org/resource/Vancouver
Mahamadou Diarra;http://dbpedia.org/resource/Bamako
Steve Marriott;http://dbpedia.org/resource/Manor_Park,_London
Marius Niculae;http://dbpedia.org/resource/Bucharest
Woody Guthrie;http://dbpedia.org/resource/Okemah,_Oklahoma
Serge Gainsbourg;http://dbpedia.org/resource/Paris
Alou Diarra;http://dbpedia.org/resource/Villepinte,_Seine-Saint-Denis
Olof Mellberg;http://dbpedia.org/resource/Gullspång
Norman Mailer;http://dbpedia.org/resource/Long_Branch,_New_Jersey
Rohan Ricketts;http://dbpedia.org/resource/Clapham
Erich Raeder;http://dbpedia.org/resource/Wandsbek_(quarter)
Lucille Ball;http://dbpedia.org/resource/Jamestown,_New_York
Selim Benachour;http://dbpedia.org/resource/Paris
Pepe Reina;http://dbpedia.org/resource/Madrid
Lenny Bruce;http://dbpedia.org/resource/Mineola,_New_York
Pascal Feindouno;http://dbpedia.org/resource/Conakry
John F. Kennedy;http://dbpedia.org/resource/Brookline,_Massachusetts
Andrew Johnson;http://dbpedia.org/resource/Raleigh,_North_Carolina
Didier Six;http://dbpedia.org/resource/Lille
Jack Lemmon;http://dbpedia.org/resource/Newton,_Massachusetts
Dominic Foley;http://dbpedia.org/resource/Cork_(city)
Nelson Rockefeller;http://dbpedia.org/resource/Bar_Harbor,_Maine
William McKinley;http://dbpedia.org/resource/Niles,_Ohio
John J. Pershing;http://dbpedia.org/resource/Laclede,_Missouri
Peter Scott;http://dbpedia.org/resource/London
Jesse Helms;http://dbpedia.org/resource/Monroe,_North_Carolina
Piggy Ward;http://dbpedia.org/resource/Chambersburg,_Pennsylvania
Henry H. Arnold;http://dbpedia.org/resource/Pennsylvania
Kylie Minogue;http://dbpedia.org/resource/Melbourne
Aleksandar Bajevski;http://dbpedia.org/resource/Skopje
Michel Foucault;http://dbpedia.org/resource/Poitiers
Ricardo Lunari;http://dbpedia.org/resource/Argentina
Graeme Souness;http://dbpedia.org/resource/Edinburgh
Janne Hietanen;http://dbpedia.org/resource/Oulu
Gheorghe Asachi;http://dbpedia.org/resource/Hertsa
W. H. Auden;http://dbpedia.org/resource/York
Crazy Schmit;http://dbpedia.org/resource/Chicago
Ronald Reagan;http://dbpedia.org/resource/Tampico,_Illinois
Benito Mussolini;http://dbpedia.org/resource/Predappio
Jimmy Bone;http://dbpedia.org/resource/Bridge_of_Allan
Ricardo Costa (Portuguese footballer);http://dbpedia.org/resource/Vila_Nova_de_Gaia
Alejandro Bedoya;http://dbpedia.org/resource/Englewood,_New_Jersey
Gerald Ford;http://dbpedia.org/resource/Omaha,_Nebraska
Artur Jorge;http://dbpedia.org/resource/Porto
Mo Johnston;http://dbpedia.org/resource/Glasgow
Philippe Leclerc de Hauteclocque;http://dbpedia.org/resource/Belloy-Saint-Léonard
T-Bone Walker;http://dbpedia.org/resource/Linden,_Texas
Sam Allardyce;http://dbpedia.org/resource/Dudley
Costinha;http://dbpedia.org/resource/Lisbon
Thomas Edison;http://dbpedia.org/resource/Milan,_Ohio
Eugen Relgis;http://dbpedia.org/resource/Iași
Pintado;http://dbpedia.org/resource/Brazil
Percy Olivares;http://dbpedia.org/resource/Lima
Dixie Walker;http://dbpedia.org/resource/Villa_Rica,_Georgia
Ronaldinho;http://dbpedia.org/resource/Porto_Alegre
Dick Advocaat;http://dbpedia.org/resource/The_Hague
John Bernard Philip Humbert, 9th Count de Salis-Soglio;http://dbpedia.org/resource/London
Ivan Konev;http://wikidata.dbpedia.org/resource/Q4320935
Anders Limpar;http://dbpedia.org/resource/Solna_Municipality
Gabriel Cichero;http://dbpedia.org/resource/Caracas
Dame N'Doye;http://dbpedia.org/resource/Thiès
Nat Adderley;http://dbpedia.org/resource/Tampa,_Florida
Lukas Podolski;http://dbpedia.org/resource/Gliwice
Gertrude Bell;http://dbpedia.org/resource/County_Durham
Roy Orbison;http://dbpedia.org/resource/Vernon,_Texas
Juande Ramos;http://dbpedia.org/resource/Pedro_Muñoz
John J. Crittenden;http://dbpedia.org/resource/Versailles,_Kentucky
Michel Bastos;http://dbpedia.org/resource/Pelotas
Andy Warhol;http://dbpedia.org/resource/Pittsburgh
Javier Saviola;http://dbpedia.org/resource/Belgrano,_Buenos_Aires
Valdo Filho;http://dbpedia.org/resource/Siderópolis
Shulamit Aloni;http://dbpedia.org/resource/Tel_Aviv
Francis Joseph;http://dbpedia.org/resource/Kilburn,_London
Sam Ayorinde;http://dbpedia.org/resource/Lagos
Alexandru Robot;http://dbpedia.org/resource/Bucharest
Argel Fucks;http://dbpedia.org/resource/Santa_Rosa,_Rio_Grande_do_Sul
Stuart Elliott (footballer, born 1977);http://dbpedia.org/resource/Willesden
Christian Poulsen;http://dbpedia.org/resource/Asnæs
Joel Campbell;http://dbpedia.org/resource/San_José,_Costa_Rica
Carlos Alhinho;http://dbpedia.org/resource/São_Vicente,_Cape_Verde
Joseph Priestley;http://dbpedia.org/resource/Birstall,_West_Yorkshire
Sam Houston;http://dbpedia.org/resource/Rockbridge_County,_Virginia
Paulo Autuori;http://dbpedia.org/resource/Rio_de_Janeiro
Dirceu;http://dbpedia.org/resource/Curitiba
John Updike;http://dbpedia.org/resource/Reading,_Pennsylvania
Mauro Camoranesi;http://dbpedia.org/resource/Tandil
Harold Wilson;http://dbpedia.org/resource/Huddersfield
J. M. Coetzee;http://dbpedia.org/resource/Cape_Town
Bill Krieg;http://dbpedia.org/resource/Petersburg,_Illinois
Ernest Hemingway;http://dbpedia.org/resource/Chicago
William H. Seward;http://dbpedia.org/resource/Florida,_Orange_County,_New_York
Quinton Fortune;http://dbpedia.org/resource/Cape_Town
Clive Barker;http://dbpedia.org/resource/Liverpool
Robbie Keane;http://dbpedia.org/resource/Dublin
Augustine of Hippo;http://dbpedia.org/resource/Thagaste
Niels Bohr;http://dbpedia.org/resource/Copenhagen
Robert F. Kennedy;http://dbpedia.org/resource/Brookline,_Massachusetts
John Henry Mackay;http://dbpedia.org/resource/Greenock
George Harrison;http://dbpedia.org/resource/Liverpool
Zora Neale Hurston;http://dbpedia.org/resource/Notasulga,_Alabama
Ronaldo;http://dbpedia.org/resource/Rio_de_Janeiro
Ezra Pound;http://dbpedia.org/resource/Hailey,_Idaho
Zinedine Zidane;http://dbpedia.org/resource/Marseille
Gary Mills (footballer, born 1961);http://dbpedia.org/resource/Northampton
Umberto II of Italy;http://dbpedia.org/resource/Racconigi
Sergiu Dan;http://dbpedia.org/resource/Piatra_Neamț
Carlos Carvalhal;http://dbpedia.org/resource/Braga
Daniel Passarella;http://dbpedia.org/resource/Chacabuco,_Buenos_Aires
Jeffrey Dahmer;http://dbpedia.org/resource/Milwaukee
Reto Ziegler;http://dbpedia.org/resource/Geneva
Onandi Lowe;http://dbpedia.org/resource/Kingston,_Jamaica
John Limniatis;http://dbpedia.org/resource/Athens
Nicolae Iorga;http://dbpedia.org/resource/Botoșani
Jackie Robinson;http://dbpedia.org/resource/Cairo,_Georgia
Brian McBride;http://dbpedia.org/resource/Arlington_Heights,_Illinois
Boris Pasternak;http://dbpedia.org/resource/Moscow
Frank Sinatra;http://dbpedia.org/resource/Hoboken,_New_Jersey
Gustavo Franchin Schiavolin;http://dbpedia.org/resource/Campinas
Wynton Rufer;http://dbpedia.org/resource/Wellington
Jefferson Davis;http://dbpedia.org/resource/Fairview,_Kentucky
Michael Jackson;http://dbpedia.org/resource/Gary,_Indiana
Fritz Emeran;http://dbpedia.org/resource/Les_Abymes
Richard Haldane, 1st Viscount Haldane;http://dbpedia.org/resource/Edinburgh
Paul Caligiuri;http://dbpedia.org/resource/Westminster,_California
Lyman Lemnitzer;http://dbpedia.org/resource/Honesdale,_Pennsylvania
Luis Enrique;http://dbpedia.org/resource/Gijón
Enrico Fermi;http://dbpedia.org/resource/Rome
Deon Burton;http://dbpedia.org/resource/Reading,_Berkshire
Robinho;http://dbpedia.org/resource/São_Vicente,_São_Paulo
Tudor Arghezi;http://dbpedia.org/resource/Bucharest
Flavio Maestri;http://dbpedia.org/resource/Lima
Viorel Moldovan;http://dbpedia.org/resource/Bistrița
Nicolas Anelka;http://dbpedia.org/resource/Le_Chesnay
River Phoenix;http://dbpedia.org/resource/Madras,_Oregon
Samuel R. Delany;http://dbpedia.org/resource/Harlem
Bryan Aldave;http://dbpedia.org/resource/Montevideo
Ali Gerba;http://dbpedia.org/resource/Yaoundé
Frank de Boer;http://dbpedia.org/resource/Hoorn
Owen Coyle;http://dbpedia.org/resource/Paisley,_Renfrewshire
Paul Robeson;http://dbpedia.org/resource/Princeton,_New_Jersey
Stanley Baldwin;http://dbpedia.org/resource/Bewdley
Albert Riera;http://dbpedia.org/resource/Manacor
Elvis Presley;http://dbpedia.org/resource/Tupelo,_Mississippi
Kurt Vonnegut;http://dbpedia.org/resource/Indianapolis
Dunga;http://dbpedia.org/resource/Ijuí
Gerardo Torrado;http://dbpedia.org/resource/Mexico_City
Brad Friedel;http://dbpedia.org/resource/Lakewood,_Ohio
Herbert Hoover;http://dbpedia.org/resource/West_Branch,_Iowa
Mario Andretti;http://dbpedia.org/resource/Motovun
Robert E. Lee;http://dbpedia.org/resource/Stratford_Hall_(plantation)
Leo Fortune-West;http://dbpedia.org/resource/Stratford,_London
Ioan Andone;http://dbpedia.org/resource/Hopârta
Paulo Costa;http://dbpedia.org/resource/Moita
Joe Guyon;http://dbpedia.org/resource/White_Earth,_Minnesota
Abraham Lincoln;http://dbpedia.org/resource/Hodgenville,_Kentucky
Iker Casillas;http://dbpedia.org/resource/Móstoles
Ed Glenn (shortstop);http://dbpedia.org/resource/Cincinnati
Eddy Berdusco;http://dbpedia.org/resource/Mississauga
Henrik Larsson;http://dbpedia.org/resource/Helsingborg
Bill Maher;http://dbpedia.org/resource/New_York_City
John Montgomery Ward;http://dbpedia.org/resource/Bellefonte,_Pennsylvania
Justo Villar;http://dbpedia.org/resource/Cerrito,_Paraguay
Tomer Chencinski;http://dbpedia.org/resource/Bat_Yam
David Vaudreuil;http://dbpedia.org/resource/Honolulu
Erin McLeod;http://dbpedia.org/resource/St._Albert,_Alberta
Eric Djemba-Djemba;http://dbpedia.org/resource/Douala
Weldon;http://dbpedia.org/resource/Santo_André,_São_Paulo
Freddy Adu;http://dbpedia.org/resource/Tema
Frank Soo;http://dbpedia.org/resource/Buxton
Martin O'Neill;http://dbpedia.org/resource/Kilrea
Estevam Soares;http://dbpedia.org/resource/Cafelândia,_São_Paulo
DaMarcus Beasley;http://dbpedia.org/resource/Fort_Wayne,_Indiana
Stanislav Poplavsky;http://dbpedia.org/resource/Podolia_Governorate
Mutiu Adepoju;http://dbpedia.org/resource/Ibadan
Franklin D. Roosevelt;http://dbpedia.org/resource/Hyde_Park,_New_York
Charles Lindbergh;http://dbpedia.org/resource/Detroit
Cuca;http://dbpedia.org/resource/Curitiba
Giovanni van Bronckhorst;http://dbpedia.org/resource/Rotterdam
Ira Davis;http://dbpedia.org/resource/Philadelphia
Carl Sagan;http://dbpedia.org/resource/Brooklyn
Airey Neave;http://dbpedia.org/resource/Knightsbridge
John Taylor (Mormon);http://dbpedia.org/resource/Milnthorpe
Strom Thurmond;http://dbpedia.org/resource/Edgefield,_South_Carolina
Ronald Koeman;http://dbpedia.org/resource/Zaandam
John Kerr, Jr. (soccer);http://dbpedia.org/resource/Toronto
George Wallace;http://dbpedia.org/resource/Clio,_Alabama
Winston Churchill;http://dbpedia.org/resource/Blenheim_Palace
Harry Bright;http://dbpedia.org/resource/Kansas_City,_Missouri
John Jacob Astor, 1st Baron Astor of Hever;http://dbpedia.org/resource/New_York_City
Frank Stapleton;http://dbpedia.org/resource/Dublin
Aleksandr Vasilevsky;http://dbpedia.org/resource/Vichuga
Sander Puri;http://dbpedia.org/resource/Tartu
Eric Cantona;http://dbpedia.org/resource/Marseille
Andrew Bertie;http://dbpedia.org/resource/London
Luis Tejada;http://dbpedia.org/resource/Panama_City
Robbie Rogers;http://dbpedia.org/resource/Rancho_Palos_Verdes,_California
Radamel Falcao;http://dbpedia.org/resource/Santa_Marta
Stephen Constantine;http://dbpedia.org/resource/London
Keith Alexander;http://dbpedia.org/resource/Nottingham
Julie London;http://dbpedia.org/resource/Santa_Rosa,_California
Frank Worthington;http://dbpedia.org/resource/Halifax,_West_Yorkshire
Jack Kerouac;http://dbpedia.org/resource/Lowell,_Massachusetts
H. H. Asquith;http://dbpedia.org/resource/Morley,_West_Yorkshire
Paul Bowles;http://dbpedia.org/resource/Jamaica,_Queens
Richard Nixon;http://dbpedia.org/resource/Yorba_Linda,_California
Kathy Acker;http://dbpedia.org/resource/New_York_City
Anselm of Canterbury;http://dbpedia.org/resource/Aosta
Albert Luque;http://dbpedia.org/resource/Terrassa
Roger Lemerre;http://dbpedia.org/resource/Bricquebec
Mark Cooper (footballer, born 1968);http://dbpedia.org/resource/Wakefield
Noor Inayat Khan;http://dbpedia.org/resource/Moscow
Lord Byron;http://dbpedia.org/resource/London
Maniche;http://dbpedia.org/resource/Lisbon
C. S. Lewis;http://dbpedia.org/resource/Belfast
Ariza Makukula;http://dbpedia.org/resource/Kinshasa
Milton Cruz;http://dbpedia.org/resource/Cubatão
Richard Kingson;http://dbpedia.org/resource/Accra
Albert Ferrer;http://dbpedia.org/resource/Barcelona
Greg Kramer;http://dbpedia.org/resource/Hertfordshire
Henry Paget, 1st Marquess of Anglesey;http://dbpedia.org/resource/London
Paul Tillich;http://dbpedia.org/resource/Starosiedle
Charles Gbeke;http://dbpedia.org/resource/Abidjan
Demba Ba;http://dbpedia.org/resource/Sèvres
Anwar al-Awlaki;http://dbpedia.org/resource/Las_Cruces,_New_Mexico
Elmo Zumwalt;http://dbpedia.org/resource/San_Francisco
Grzegorz Szamotulski;http://dbpedia.org/resource/Gdańsk
Sani Kaita;http://dbpedia.org/resource/Kano
Mircea Lucescu;http://dbpedia.org/resource/Bucharest
Charles Mingus;http://dbpedia.org/resource/Nogales,_Arizona
L. Ron Hubbard;http://dbpedia.org/resource/Tilden,_Nebraska
Gregg Berhalter;http://dbpedia.org/resource/Englewood,_New_Jersey
Jimi Hendrix;http://dbpedia.org/resource/Seattle
Joseph Campbell;http://dbpedia.org/resource/White_Plains,_New_York
Kevin Harmse;http://dbpedia.org/resource/Johannesburg
Alvin Lee;http://dbpedia.org/resource/Nottingham
Sonny Anderson;http://dbpedia.org/resource/Goiatuba
Mateiu Caragiale;http://dbpedia.org/resource/Bucharest
Zamfir Arbore;http://dbpedia.org/resource/Chernivtsi
Roy Hodgson;http://dbpedia.org/resource/Croydon
Mordecai Kaplan;http://dbpedia.org/resource/Švenčionys
Kaba Diawara;http://dbpedia.org/resource/Toulon
Chris Iwelumo;http://dbpedia.org/resource/Coatbridge
Giovani dos Santos;http://dbpedia.org/resource/Monterrey
Joanna of Castile;http://dbpedia.org/resource/Toledo,_Spain
Alec Douglas-Home;http://dbpedia.org/resource/Mayfair
G. K. Chesterton;http://dbpedia.org/resource/Kensington
Eduardo Hurtado;http://dbpedia.org/resource/Esmeraldas,_Ecuador
Bukola Oriola;http://dbpedia.org/resource/Nigeria
Kalu Uche;http://dbpedia.org/resource/Aba,_Abia
Jane Addams;http://dbpedia.org/resource/Cedarville,_Illinois
Carl Valentine;http://dbpedia.org/resource/Manchester
Andrey Korotayev;http://dbpedia.org/resource/Moscow
Maurice Edu;http://dbpedia.org/resource/Fontana,_California
Ike Turner;http://dbpedia.org/resource/Clarksdale,_Mississippi
Landon Donovan;http://dbpedia.org/resource/Ontario,_California
Selena;http://dbpedia.org/resource/Lake_Jackson,_Texas
Diego Simeone;http://dbpedia.org/resource/Palermo,_Buenos_Aires
Deke Slayton;http://dbpedia.org/resource/Sparta,_Wisconsin
Miles Davis;http://dbpedia.org/resource/Alton,_Illinois
Carlos Fuentes;http://dbpedia.org/resource/Panama_City
T. S. Eliot;http://dbpedia.org/resource/St._Louis
Ralph Glaze;http://dbpedia.org/resource/Denver
Pope Gregory I;http://dbpedia.org/resource/Rome
Elliott Smith;http://dbpedia.org/resource/Omaha,_Nebraska
Steve Jobs;http://dbpedia.org/resource/San_Francisco
Susan Sontag;http://dbpedia.org/resource/Manhattan
Vladimir Horowitz;http://dbpedia.org/resource/Berdychiv
Daniel Fernandes;http://dbpedia.org/resource/Edmonton
Jacqueline Kennedy Onassis;http://dbpedia.org/resource/Southampton_(village),_New_York
Franz Beckenbauer;http://dbpedia.org/resource/Munich
Tom Fleming (baseball);http://dbpedia.org/resource/Philadelphia
Hulk;http://dbpedia.org/resource/Campina_Grande
Luiz Felipe Scolari;http://dbpedia.org/resource/Passo_Fundo
Neil Redfearn;http://dbpedia.org/resource/Dewsbury
Micky Adams;http://dbpedia.org/resource/Sheffield
Bruce Grobbelaar;http://dbpedia.org/resource/Durban
James G. Blaine;http://dbpedia.org/resource/West_Brownsville,_Pennsylvania
Lillian Gish;http://dbpedia.org/resource/Springfield,_Ohio
Mihai Ralea;http://dbpedia.org/resource/Huși
John Guidetti;http://dbpedia.org/resource/Stockholm
Ella Fitzgerald;http://dbpedia.org/resource/Newport_News,_Virginia
Jerry Falwell;http://dbpedia.org/resource/Lynchburg,_Virginia
Paul McGee (footballer, born 1954);http://dbpedia.org/resource/Sligo
Warren Spahn;http://dbpedia.org/resource/Buffalo,_New_York
Patrick Kluivert;http://dbpedia.org/resource/Amsterdam
Peter Barnes;http://dbpedia.org/resource/Manchester
Andrew Ornoch;http://dbpedia.org/resource/Warsaw
John Gielgud;http://dbpedia.org/resource/Kensington
Henry Clay;http://dbpedia.org/resource/Hanover_County,_Virginia
Stephen Sunday;http://dbpedia.org/resource/Lagos
Sakis Rouvas;http://dbpedia.org/resource/Corfu
Jorge Campos;http://dbpedia.org/resource/Acapulco
Luca Toni;http://dbpedia.org/resource/Pavullo_nel_Frignano
Helmut Senekowitsch;http://dbpedia.org/resource/Graz
Lucas Barrios;http://dbpedia.org/resource/San_Fernando,_Buenos_Aires
Michael Hector;http://dbpedia.org/resource/East_Ham
William Aitken;http://dbpedia.org/resource/Peterhead
Pop Smith;http://dbpedia.org/resource/Digby,_Nova_Scotia
Rowan Williams;http://dbpedia.org/resource/Swansea
Christy Mathewson;http://dbpedia.org/resource/Factoryville,_Pennsylvania
Douglas Haig, 1st Earl Haig;http://dbpedia.org/resource/Edinburgh
Hugo Almeida;http://dbpedia.org/resource/Figueira_da_Foz
Sun Ra;http://dbpedia.org/resource/Birmingham,_Alabama
George McGovern;http://dbpedia.org/resource/Avon,_South_Dakota
Alejandro Cichero;http://dbpedia.org/resource/Caracas
Harriet Tubman;http://dbpedia.org/resource/Dorchester_County,_Maryland
Diego Lugano;http://dbpedia.org/resource/Canelones,_Uruguay
Levir Culpi;http://dbpedia.org/resource/Curitiba
Marquis de Condorcet;http://dbpedia.org/resource/Ribemont
Souleymane Youla;http://dbpedia.org/resource/Conakry
Wally Schirra;http://dbpedia.org/resource/Hackensack,_New_Jersey
Linus Pauling;http://dbpedia.org/resource/Portland,_Oregon
Leo Bertos;http://dbpedia.org/resource/Wellington
Paul Wright (soccer);http://dbpedia.org/resource/London
Siyabonga Nomvethe;http://dbpedia.org/resource/Durban
Edward Plunkett, 18th Baron of Dunsany;http://dbpedia.org/resource/London
Jeff Agoos;http://dbpedia.org/resource/Geneva
Archibald Wavell, 1st Earl Wavell;http://dbpedia.org/resource/Colchester
Steve Gohouri;http://dbpedia.org/resource/Treichville
Edward Elgar;http://dbpedia.org/resource/Broadheath,_Worcestershire
Calvin Coolidge;http://dbpedia.org/resource/Plymouth_Notch,_Vermont
Hubert Humphrey;http://dbpedia.org/resource/Wallace,_South_Dakota
Janis Joplin;http://dbpedia.org/resource/Port_Arthur,_Texas
Carol Shields;http://dbpedia.org/resource/Oak_Park,_Illinois
John O'Connell (second baseman);http://dbpedia.org/resource/Lawrence,_Massachusetts
Ian Thorpe;http://dbpedia.org/resource/Sydney
Samuel Okunowo;http://dbpedia.org/resource/Ibadan
Orson Welles;http://dbpedia.org/resource/Kenosha,_Wisconsin
Nat King Cole;http://dbpedia.org/resource/Montgomery,_Alabama
Arthur Tedder, 1st Baron Tedder;http://dbpedia.org/resource/Glengoyne_distillery
George Brunet;http://dbpedia.org/resource/Houghton,_Michigan
Javier Mascherano;http://dbpedia.org/resource/San_Lorenzo,_Santa_Fe
Pepe Mel;http://dbpedia.org/resource/Madrid
Chelsea Stewart;http://dbpedia.org/resource/Denver
Paul Newman;http://dbpedia.org/resource/Shaker_Heights,_Ohio
James K. Polk;http://dbpedia.org/resource/Pineville,_North_Carolina
Carlo Ancelotti;http://dbpedia.org/resource/Reggiolo
Bruno Metsu;http://dbpedia.org/resource/Coudekerque-Village
William Ewart Gladstone;http://dbpedia.org/resource/Liverpool
John Burridge;http://dbpedia.org/resource/Workington
Charlie Chaplin;http://dbpedia.org/resource/London
Mihail Sadoveanu;http://dbpedia.org/resource/Pașcani
Rachid Tiberkanine;http://dbpedia.org/resource/Antwerp
Captain Beefheart;http://dbpedia.org/resource/Glendale,_California
Didier Deschamps;http://dbpedia.org/resource/Bayonne
George Q. Cannon;http://dbpedia.org/resource/Liverpool
John Wayne;http://dbpedia.org/resource/Winterset,_Iowa
Maicon Sisenando;http://dbpedia.org/resource/Novo_Hamburgo
Libby Kosmala;http://dbpedia.org/resource/Adelaide
Sixto Peralta;http://dbpedia.org/resource/Comodoro_Rivadavia
Jean Cocteau;http://dbpedia.org/resource/Maisons-Laffitte
Tobias Linderoth;http://dbpedia.org/resource/Marseille
Sri Aurobindo;http://dbpedia.org/resource/Kolkata
Manuel Pellegrini;http://dbpedia.org/resource/Santiago
Tiffeny Milbrett;http://dbpedia.org/resource/Portland,_Oregon
Mircea Rednic;http://dbpedia.org/resource/Hunedoara
Obafemi Martins;http://dbpedia.org/resource/Lagos
Laurence Olivier;http://dbpedia.org/resource/Dorking
Pim Fortuyn;http://dbpedia.org/resource/Driehuis
Walt Disney;http://dbpedia.org/resource/Chicago
Arie Haan;http://dbpedia.org/resource/Finsterwolde
Perpessicius;http://dbpedia.org/resource/Brăila
El Hadji Diouf;http://dbpedia.org/resource/Dakar
Aaron Copland;http://dbpedia.org/resource/Brooklyn
Yakubu Aiyegbeni;http://dbpedia.org/resource/Benin_City
Xavi;http://dbpedia.org/resource/Terrassa
Edwin Morgan (poet);http://dbpedia.org/resource/Glasgow
Nwankwo Kanu;http://dbpedia.org/resource/Owerri
Eric Wynalda;http://dbpedia.org/resource/Fullerton,_California
John Henry Newman;http://dbpedia.org/resource/London
George S. Patton;http://dbpedia.org/resource/San_Gabriel,_California
Gala Galaction;http://dbpedia.org/resource/Didești
Sesto Pals;http://dbpedia.org/resource/Odessa
Benny Feilhaber;http://dbpedia.org/resource/Rio_de_Janeiro
Didier Drogba;http://dbpedia.org/resource/Abidjan
Bernardo Vasconcelos;http://dbpedia.org/resource/Lisbon
Margaret Thatcher;http://dbpedia.org/resource/Grantham
Marvin Gaye;http://dbpedia.org/resource/Washington,_D.C.
Euzebiusz Smolarek;http://dbpedia.org/resource/Łódź
Moses Ashikodi;http://dbpedia.org/resource/Lagos
Rainier III, Prince of Monaco;http://dbpedia.org/resource/Monte_Carlo
Dean Holdsworth;http://dbpedia.org/resource/Walthamstow
Carl Medjani;http://dbpedia.org/resource/Lyon
Camille Paglia;http://dbpedia.org/resource/Endicott,_New_York
Tiago Costa;http://dbpedia.org/resource/Lisbon
Jovan Kirovski;http://dbpedia.org/resource/Escondido,_California
Dwight D. Eisenhower;http://dbpedia.org/resource/Denison,_Texas
Gus Poyet;http://dbpedia.org/resource/Montevideo
Derek Boateng;http://dbpedia.org/resource/Accra
Nolberto Solano;http://dbpedia.org/resource/Callao
Teitur Thordarson;http://dbpedia.org/resource/Akranes
Richard Pryor;http://dbpedia.org/resource/Peoria,_Illinois
Karim Ziani;http://dbpedia.org/resource/Sèvres
Mysterious Walker;http://dbpedia.org/resource/Utica,_Nebraska
Michael Bradley (soccer);http://dbpedia.org/resource/Princeton,_New_Jersey
Aldous Huxley;http://dbpedia.org/resource/Godalming
Kurt Cobain;http://dbpedia.org/resource/Aberdeen,_Washington
Henric Streitman;http://dbpedia.org/resource/Piatra_Neamț
Jorge Solari;http://dbpedia.org/resource/Buenos_Aires
Brad Guzan;http://dbpedia.org/resource/Evergreen_Park,_Illinois
Ricardo Esteves;http://dbpedia.org/resource/Lisbon
Spencer Cavendish, 8th Duke of Devonshire;http://dbpedia.org/resource/Cannes
Gennaro Gattuso;http://dbpedia.org/resource/Corigliano_Calabro
Con Lucid;http://dbpedia.org/resource/Dublin
Johan Cruyff;http://dbpedia.org/resource/Amsterdam
Robert de Pinho de Souza;http://dbpedia.org/resource/Salvador,_Bahia
Christian Wilhelmsson;http://dbpedia.org/resource/Malmö
Ruud Krol;http://dbpedia.org/resource/Amsterdam
John Denver;http://dbpedia.org/resource/Roswell,_New_Mexico
Park Chu-young;http://dbpedia.org/resource/Daegu
Hugh Trenchard, 1st Viscount Trenchard;http://dbpedia.org/resource/Taunton
Sol Bamba;http://dbpedia.org/resource/Ivry-sur-Seine
Danny Califf;http://dbpedia.org/resource/Montclair,_California
Ray Charles;http://dbpedia.org/resource/Albany,_Georgia
Murray Jones;http://dbpedia.org/resource/Bexley
Harry S. Truman;http://dbpedia.org/resource/Lamar,_Missouri
John Coltrane;http://dbpedia.org/resource/Hamlet,_North_Carolina
Tab Ramos;http://dbpedia.org/resource/Montevideo
Fabricio Coloccini;http://dbpedia.org/resource/Córdoba,_Argentina
Tony Battersby;http://dbpedia.org/resource/Doncaster
Daisuke Matsui;http://dbpedia.org/resource/Kyoto
Frankie Hejduk;http://dbpedia.org/resource/La_Mesa,_California
Dean Martin;http://dbpedia.org/resource/Steubenville,_Ohio
Henry Gutierrez;http://dbpedia.org/resource/Hoboken,_New_Jersey
Richard Pacquette;http://dbpedia.org/resource/Kilburn,_London
Derek Dougan;http://dbpedia.org/resource/Belfast
Benjamin Britten;http://dbpedia.org/resource/Lowestoft
John Tyler;http://dbpedia.org/resource/Charles_City_County,_Virginia
Jefferson Louis;http://dbpedia.org/resource/Harrow,_London
Ricardo Gomes;http://dbpedia.org/resource/Rio_de_Janeiro
Claudio Ranieri;http://dbpedia.org/resource/Rome
Nell Carter;http://dbpedia.org/resource/Birmingham,_Alabama
Walter Scott;http://dbpedia.org/resource/Edinburgh
Ellis Remy;http://dbpedia.org/resource/Hastings
Bill Hicks;http://dbpedia.org/resource/Valdosta,_Georgia
Elena Bacaloglu;http://dbpedia.org/resource/Bucharest
Bruno Alves;http://dbpedia.org/resource/Póvoa_de_Varzim
Philippe Troussier;http://dbpedia.org/resource/Paris
Daniel McBreen;http://dbpedia.org/resource/Burnley
Cristian Portilla;http://dbpedia.org/resource/Santander,_Spain
Malcolm X;http://dbpedia.org/resource/Omaha,_Nebraska
Andrew Cunningham, 1st Viscount Cunningham of Hyndhope;http://dbpedia.org/resource/Dublin
Willem Oltmans;http://dbpedia.org/resource/Huizen
Carlos Alberto Torres;http://dbpedia.org/resource/Rio_de_Janeiro
David Kemp;http://dbpedia.org/resource/Harrow,_London
Alexandros Tziolis;http://dbpedia.org/resource/Katerini
Ursula K. Le Guin;http://dbpedia.org/resource/Berkeley,_California
Mary Pickford;http://dbpedia.org/resource/Toronto
Samuel Hoare, 1st Viscount Templewood;http://dbpedia.org/resource/London
Audrey Hepburn;http://dbpedia.org/resource/Ixelles
Davide Xausa;http://dbpedia.org/resource/Vancouver
Elano;http://dbpedia.org/resource/Iracemápolis
John William Strutt, 3rd Baron Rayleigh;http://dbpedia.org/resource/Maldon,_Essex
Geoff Aunger;http://dbpedia.org/resource/Red_Deer,_Alberta
Carlos Navarro Montoya;http://dbpedia.org/resource/Medellín
Luciano Figueroa;http://dbpedia.org/resource/Santa_Fe,_Argentina
Oliver Neuville;http://dbpedia.org/resource/Locarno
Jay Bothroyd;http://dbpedia.org/resource/Islington
Michael Laudrup;http://dbpedia.org/resource/Frederiksberg
Peter Schmeichel;http://dbpedia.org/resource/Gladsaxe_Municipality
Sylvia Plath;http://dbpedia.org/resource/Jamaica_Plain
Vanderlei Luxemburgo;http://dbpedia.org/resource/Nova_Iguaçu
Tim Howard;http://dbpedia.org/resource/North_Brunswick,_New_Jersey
Jorge Costa;http://dbpedia.org/resource/Porto
Ricardinho;http://dbpedia.org/resource/São_Paulo
Brent Sancho;http://dbpedia.org/resource/Port_of_Spain
Jean-Paul Sartre;http://dbpedia.org/resource/Paris
Manuel Neira;http://dbpedia.org/resource/Santiago
Ali Daei;http://dbpedia.org/resource/Ardabil
Shunsuke Nakamura;http://dbpedia.org/resource/Yokohama
Joan Capdevila;http://dbpedia.org/resource/Tàrrega
N. D. Cocea;http://dbpedia.org/resource/Bârlad
Claudio Caniggia;http://dbpedia.org/resource/Henderson,_Buenos_Aires
Ernst Happel;http://dbpedia.org/resource/Vienna
Martin Luther;http://dbpedia.org/resource/Eisleben
Youness Bengelloun;http://dbpedia.org/resource/Paris
Duke Ellington;http://dbpedia.org/resource/Washington,_D.C.
Sargent Shriver;http://dbpedia.org/resource/Westminster,_Maryland
Fernando Meira;http://dbpedia.org/resource/Guimarães
Johnny Cash;http://dbpedia.org/resource/Kingsland,_Arkansas
Paulo Wanchope;http://dbpedia.org/resource/Heredia,_Costa_Rica
Michael Essien;http://dbpedia.org/resource/Accra
Ruud Gullit;http://dbpedia.org/resource/Amsterdam
Henri Michel;http://dbpedia.org/resource/Aix-en-Provence
Arthuro Henrique Bernhardt;http://dbpedia.org/resource/Florianópolis
Hassan Yebda;http://dbpedia.org/resource/Saint-Maurice,_Val-de-Marne
Robert Baden-Powell, 1st Baron Baden-Powell;http://dbpedia.org/resource/London
Sergio Romero;http://dbpedia.org/resource/Bernardo_de_Irigoyen,_Misiones
Thomas Sowell;http://dbpedia.org/resource/Gastonia,_North_Carolina
Eugene V. Debs;http://dbpedia.org/resource/Terre_Haute,_Indiana
Desmond Armstrong;http://dbpedia.org/resource/Washington,_D.C.
Carlos Ruiz (Guatemalan footballer);http://dbpedia.org/resource/Guatemala_City
Richard Hastings;http://dbpedia.org/resource/Prince_George,_British_Columbia
Marco Etcheverry;http://dbpedia.org/resource/Santa_Cruz_de_la_Sierra
Jorge Teixeira;http://dbpedia.org/resource/Lisbon
Rolf Feltscher;http://dbpedia.org/resource/Bülach
Filipe da Costa;http://dbpedia.org/resource/Lisbon
George Marshall;http://dbpedia.org/resource/Uniontown,_Pennsylvania
David Trezeguet;http://dbpedia.org/resource/Rouen
Victor Obinna;http://dbpedia.org/resource/Jos
Jim McKay;http://dbpedia.org/resource/Philadelphia
Dan Petrescu;http://dbpedia.org/resource/Bucharest
Javad Nekounam;http://dbpedia.org/resource/Rey,_Iran
John Paskin;http://dbpedia.org/resource/Cape_Town
Lyndon B. Johnson;http://dbpedia.org/resource/Stonewall,_Texas
James Brown;http://dbpedia.org/resource/Barnwell,_South_Carolina
Jaime Penedo;http://dbpedia.org/resource/Panama_City
Konstantin Rokossovsky;http://dbpedia.org/resource/Warsaw
Laurent Blanc;http://dbpedia.org/resource/Alès
Paulo da Silva;http://dbpedia.org/resource/Asunción
Trevor Benjamin;http://dbpedia.org/resource/Kettering
Christian Vieri;http://dbpedia.org/resource/Bologna
Arthur Conan Doyle;http://dbpedia.org/resource/Edinburgh
Hugo Maradona;http://dbpedia.org/resource/Lanús
Jim Thorpe;http://dbpedia.org/resource/Pottawatomie_County,_Oklahoma
Oguchi Onyewu;http://dbpedia.org/resource/Washington,_D.C.
Fabio Cannavaro;http://dbpedia.org/resource/Naples
Nicolae Constantin Batzaria;http://dbpedia.org/resource/Kruševo
Jozy Altidore;http://dbpedia.org/resource/Livingston,_New_Jersey
Avram Steuerman-Rodion;http://dbpedia.org/resource/Iași
Ricardo Nunes;http://dbpedia.org/resource/Johannesburg
Theo van Gogh (film director);http://dbpedia.org/resource/The_Hague
John Lennon;http://dbpedia.org/resource/Liverpool
Thiago Silva;http://dbpedia.org/resource/Rio_de_Janeiro
Ousmane N'Doye;http://dbpedia.org/resource/Thiès
Dmitri Shostakovich;http://dbpedia.org/resource/Saint_Petersburg
John Buchan;http://dbpedia.org/resource/Perth,_Scotland
Amado Guevara;http://dbpedia.org/resource/Tegucigalpa
Terry Venables;http://dbpedia.org/resource/Dagenham
John Collins;http://dbpedia.org/resource/Galashiels
Lionel Messi;http://dbpedia.org/resource/Rosario,_Santa_Fe
George Santayana;http://dbpedia.org/resource/Madrid
Whitney Houston;http://dbpedia.org/resource/Newark,_New_Jersey
Leonard Bernstein;http://dbpedia.org/resource/Lawrence,_Massachusetts
Richard Feynman;http://dbpedia.org/resource/Queens
Florent Sinama Pongolle;http://dbpedia.org/resource/Saint-Pierre,_Réunion
W. B. Yeats;http://dbpedia.org/resource/Sandymount
Pope John Paul II;http://dbpedia.org/resource/Wadowice
Carlos Bueno;http://dbpedia.org/resource/Artigas,_Uruguay
Mehdi Nafti;http://dbpedia.org/resource/Toulouse
Paulo Sousa;http://dbpedia.org/resource/Viseu
Tom Parrott;http://dbpedia.org/resource/Portland,_Oregon
Fred Astaire;http://dbpedia.org/resource/Omaha,_Nebraska
Javier Clemente;http://dbpedia.org/resource/Barakaldo
Kazuyuki Toda;http://dbpedia.org/resource/Machida,_Tokyo
Dizzy Gillespie;http://dbpedia.org/resource/Cheraw,_South_Carolina
Guus Hiddink;http://dbpedia.org/resource/Varsseveld
Khalid Boulahrouz;http://dbpedia.org/resource/Maassluis
Frederick Douglass;http://dbpedia.org/resource/Talbot_County,_Maryland
Thomas S. Hinde;http://dbpedia.org/resource/Hanover_County,_Virginia
Hugh Duffy;http://dbpedia.org/resource/Cranston,_Rhode_Island
Stanley Jackson;http://dbpedia.org/resource/Leeds
Martin Van Buren;http://dbpedia.org/resource/Kinderhook_(village),_New_York
Stan Yerkes;http://dbpedia.org/resource/Cheltenham,_Pennsylvania
Luis Cubilla;http://dbpedia.org/resource/Paysandú
Sandu Tudor;http://dbpedia.org/resource/Bucharest
Hussein Yasser;http://dbpedia.org/resource/Doha
Alexandre Gallo;http://dbpedia.org/resource/Ribeirão_Preto
Paul Dougherty;http://dbpedia.org/resource/Leamington_Spa
Billy Preston;http://dbpedia.org/resource/Houston
Rafik Djebbour;http://dbpedia.org/resource/Grenoble
John Toshack;http://dbpedia.org/resource/Cardiff
William S. Burroughs;http://dbpedia.org/resource/St._Louis
Patrick M'Boma;http://dbpedia.org/resource/Douala
